key,en,es,fr,de,it,pt
hud.variables.title,Active variables,Variables activas,,,,
hud.variables.adjustment,Setting,Ajuste,,,,
hud.variables.result,Result,Resultado,,,,
hud.variables.economy,Economy (balance),Economía (saldo),,,,
hud.variables.reputation,Reputation,Reputación,,,,
hud.variables.expansion,Expansion (level),Expansión (nivel),,,,
hud.variables.manual,Manual,Manual,,,,
item.permanent_wear,Permanent wear: {0}%,Desgaste permanente: {0}%,,,,
policy.preventive_maintenance,Minimum condition for preventive repair,Estado mínimo para reparación preventiva,État minimal pour réparation préventive,Mindestzustand für vorbeugende Reparatur,Condizione minima per la riparazione preventiva,Estado mínimo para reparação preventiva
mod.tab,Under Pressure,Bajo Presión,Sous pression,Unter Druck,Sotto pressione,Sob pressão
mod.skip_intro,Skip intro screens,Omitir pantallas iniciales,Ignorer les écrans d'introduction,Intro-Bildschirme überspringen,Salta schermate iniziali,Ignorar ecrãs iniciais
mod.auto_load_last_save,Load last level,Cargar último nivel,Charger le dernier niveau,Letztes Level laden,Carica ultimo livello,Carregar último nível
mod.disable_tutorial,Disable tutorial,Desactivar tutorial,Désactiver le didacticiel,Tutorial deaktivieren,Disattiva tutorial,Desativar tutorial
mod.show_room_effectiveness,Show room effectiveness,Mostrar efectividad de sala,Afficher l'efficacité des salles,Raumeffektivität anzeigen,Mostra efficacia delle stanze,Mostrar eficácia das salas
mod.imperfect_staff,Imperfect staff,Empleados imperfectos,Personnel imparfait,Unvollkommene Mitarbeiter,Personale imperfetto,Funcionários imperfeitos
mod.show_electricity,Show electricity use,Mostrar consumo eléctrico,Afficher la consommation électrique,Stromverbrauch anzeigen,Mostra consumo elettrico,Mostrar consumo elétrico
mod.separate_reputation_prestige,Separate reputation and prestige,Separar reputación y prestigio,,,,
mod.permanent_machine_wear,Permanent machine wear,Desgaste permanente de máquinas,Usure permanente des machines,Dauerhafter Maschinenverschleiß,Usura permanente dei macchinari,Desgaste permanente das máquinas
mod.visual_lighting,Hospital lighting,Iluminación del hospital,Éclairage de l'hôpital,Krankenhausbeleuchtung,Illuminazione dell'ospedale,Iluminação do hospital
mod.unlock_lamps,Unlock lamps,Desbloquear lámparas,,,,
mod.section.gameplay,Difficulty and economy,Dificultad y economía,Difficulté et économie,Schwierigkeit und Wirtschaft,Difficoltà ed economia,Dificuldade e economia
mod.section.economy,Economy difficulty,Dificultad de economía,Difficulté économique,Wirtschaftsschwierigkeit,Difficoltà economica,Dificuldade económica
mod.section.reputation,Reputation difficulty,Dificultad de reputación,Difficulté de réputation,Rufschwierigkeit,Difficoltà reputazione,Dificuldade de reputação
mod.section.expansion,Expansion difficulty,Dificultad de expansión,Difficulté d'expansion,Expansionsschwierigkeit,Difficoltà espansione,Dificuldade de expansão
mod.adaptive,Adaptive,Adaptable,Adaptatif,Adaptiv,Adattiva,Adaptável
mod.global_difficulty,Global difficulty,Dificultad global,Difficulté globale,Globale Schwierigkeit,Difficoltà globale,Dificuldade global
mod.patient_arrival,Patient visit frequency,Frecuencia de visitas de pacientes,Fréquence d'arrivée des patients,Patientenankunftsrate,Frequenza arrivo pazienti,Frequência de chegada de pacientes
mod.health_decay,Patient health deterioration,Deterioro de salud de pacientes,Détérioration de la santé des patients,Verschlechterung der Patientengesundheit,Peggioramento salute pazienti,Deterioração da saúde dos pacientes
mod.diagnosis_chance,Diagnosis difficulty,Dificultad del diagnóstico,Difficulté du diagnostic,Diagnoseschwierigkeit,Difficoltà diagnosi,Dificuldade do diagnóstico
mod.treatment_chance,Treatment failure risk,Riesgo de fallo del tratamiento,Risque d'échec du traitement,Behandlungsfehlerrisiko,Rischio fallimento trattamento,Risco de falha do tratamento
mod.machine_wear,Machine wear,Desgaste de máquinas,Usure des machines,Maschinenverschleiß,Usura macchinari,Desgaste das máquinas
mod.staff_salaries,Employee salaries,Salarios de empleados,Salaires du personnel,Mitarbeitergehälter,Stipendi dipendenti,Salários dos funcionários
mod.hunger_thirst,Increased hunger and thirst,Aumento del hambre y la sed,Augmentation de la faim et de la soif,Mehr Hunger und Durst,Aumento fame e sete,Aumento da fome e sede
mod.happiness,Faster happiness loss,Disminución de la felicidad,Baisse accélérée du bonheur,Schnellerer Glücksverlust,Calo più rapido della felicità,Perda de felicidade mais rápida
mod.hygiene,More demanding hygiene,Higiene más exigente,Hygiène plus exigeante,Anspruchsvollere Hygiene,Igiene più esigente,Higiene mais exigente
mod.patient_income,Patient income difficulty,Dificultad de ingresos por paciente,Difficulté des revenus par patient,Einnahmeschwierigkeit pro Patient,Difficoltà entrate per paziente,Dificuldade de receitas por paciente
mod.applicant_wait,Time between applicants,Espera entre candidatos,Délai entre les candidats,Wartezeit zwischen Bewerbern,Attesa tra i candidati,Espera entre candidatos
mod.electricity_bill,Electricity bill,Factura de electricidad,Facture d'électricité,Stromrechnung,Bolletta elettrica,Fatura de eletricidade
item.electricity_month,Electricity: {0} per month,Electricidad: {0} al mes,Électricité : {0} par mois,Strom: {0} pro Monat,Elettricità: {0} al mese,Eletricidade: {0} por mês
item.electricity_use,Electricity: {0} per use,Electricidad: {0} por uso,Électricité : {0} par utilisation,Strom: {0} pro Nutzung,Elettricità: {0} per uso,Eletricidade: {0} por utilização
graph.electricity_bill,Electricity bill,Factura de electricidad,Facture d'électricité,Stromrechnung,Bolletta elettrica,Fatura de eletricidade
room.object_power,Diagnosis {0} | Treatment {1},Diagnóstico {0} | Tratamiento {1},Diagnostic {0} | Traitement {1},Diagnose {0} | Behandlung {1},Diagnosi {0} | Trattamento {1},Diagnóstico {0} | Tratamento {1}
room.staff_power,Diagnosis: {0}   Treatment: {1},Diagnóstico: {0}   Tratamiento: {1},Diagnostic : {0}   Traitement : {1},Diagnose: {0}   Behandlung: {1},Diagnosi: {0}   Trattamento: {1},Diagnóstico: {0}   Tratamento: {1}
view.diagnosis,Diagnosis certainty,Certeza de diagnóstico,Certitude du diagnostic,Diagnosesicherheit,Certezza diagnosi,Certeza do diagnóstico
view.treatment,Cure probability,Probabilidad de curación,Probabilité de guérison,Heilungschance,Probabilità di guarigione,Probabilidade de cura
view.electricity,Electric items,Objetos eléctricos,Objets électriques,Elektrische Objekte,Oggetti elettrici,Objetos elétricos
room.diagnosis_power,Diagnosis,Diagnóstico,Diagnostic,Diagnose,Diagnosi,Diagnóstico
room.treatment_power,Treatment,Tratamiento,Traitement,Behandlung,Trattamento,Tratamento

tooltip.mod_enabled,Enable or disable all Under Pressure features.,Activa o desactiva todas las funciones de Bajo Presión.,Active ou désactive toutes les fonctions de Sous pression.,Aktiviert oder deaktiviert alle Funktionen von Unter Druck.,Attiva o disattiva tutte le funzioni di Sotto pressione.,Ativa ou desativa todas as funções de Sob pressão.
tooltip.skip_intro,Skip the logos and legal notice at startup.,Omite los logos y el aviso legal al iniciar.,Ignore les logos et l'avis juridique au démarrage.,Überspringt Logos und Rechtshinweis beim Start.,Salta loghi e avviso legale all'avvio.,Ignora os logótipos e o aviso legal ao iniciar.
tooltip.auto_load_last_save,Automatically load the most recently saved hospital at startup.,Carga automáticamente al iniciar el hospital guardado más reciente.,Charge automatiquement au démarrage l'hôpital enregistré le plus récent.,Lädt beim Start automatisch das zuletzt gespeicherte Krankenhaus.,Carica automaticamente all'avvio l'ospedale salvato più recente.,Carrega automaticamente ao iniciar o hospital guardado mais recente.
tooltip.disable_tutorial,Skip the guided tutorial and its introductory objectives.,Omite el tutorial guiado y sus objetivos iniciales.,Ignore le didacticiel guidé et ses premiers objectifs.,Überspringt das geführte Tutorial und seine Einführungsziele.,Salta il tutorial guidato e i suoi obiettivi iniziali.,Ignora o tutorial guiado e os seus objetivos iniciais.
tooltip.show_room_effectiveness,Show diagnosis and treatment effectiveness in room panels.,Muestra la eficacia de diagnóstico y tratamiento en las salas.,Affiche l'efficacité du diagnostic et du traitement dans les salles.,Zeigt Diagnose- und Behandlungseffektivität in Räumen an.,Mostra l'efficacia di diagnosi e trattamento nelle stanze.,Mostra a eficácia de diagnóstico e tratamento nas salas.
tooltip.imperfect_staff,New applicants always have two positive traits and one negative trait.,Los nuevos candidatos siempre tienen dos rasgos positivos y uno negativo.,Les nouveaux candidats ont toujours deux qualités et un défaut.,Neue Bewerber haben immer zwei positive und eine negative Eigenschaft.,I nuovi candidati hanno sempre due tratti positivi e uno negativo.,Os novos candidatos têm sempre dois traços positivos e um negativo.
tooltip.show_electricity,Show electricity costs on items and in the finance graph.,Muestra el coste eléctrico en objetos y en la gráfica financiera.,Affiche le coût électrique des objets et dans le graphique financier.,Zeigt Stromkosten bei Objekten und im Finanzdiagramm an.,Mostra i costi elettrici sugli oggetti e nel grafico finanziario.,Mostra os custos de eletricidade nos objetos e no gráfico financeiro.
tooltip.separate_reputation_prestige,Reputation alone increases patient arrivals with twice its normal bonus; hospital prestige only increases available job applicant slots.,La reputación aumenta por sí sola la llegada de pacientes con el doble de su bonificación normal; el prestigio del hospital solo aumenta las plazas de candidatos disponibles.,,,,
tooltip.permanent_machine_wear,Every 100 percentage points repaired permanently reduce that machine's maximum condition by 1%.,Cada 100 puntos porcentuales reparados reducen permanentemente en un 1% el estado máximo de esa máquina.,Chaque tranche de 100 points de pourcentage réparés réduit définitivement de 1 % l'état maximal de cette machine.,Je 100 reparierte Prozentpunkte sinkt der maximale Zustand dieser Maschine dauerhaft um 1 %.,Ogni 100 punti percentuali riparati riducono permanentemente dell'1% lo stato massimo della macchina.,Cada 100 pontos percentuais reparados reduzem permanentemente em 1% o estado máximo dessa máquina.
tooltip.visual_lighting,Darken interiors and add visual light from windows and supported lamps.,Oscurece los interiores y añade luz visual desde las ventanas y lámparas compatibles.,Assombrit les intérieurs et ajoute la lumière visuelle des fenêtres et lampes compatibles.,Verdunkelt Innenräume und fügt sichtbares Licht von Fenstern und unterstützten Lampen hinzu.,Oscura gli interni e aggiunge luce visiva da finestre e lampade compatibili.,Escurece os interiores e adiciona luz visual de janelas e lâmpadas compatíveis.
tooltip.unlock_lamps,Unlock the GP Psychiatry Staff Room and Marketing lamps and allow them in every room.,Desbloquea las lámparas de Consulta Psiquiatría Sala de personal y Marketing y permite colocarlas en cualquier sala.,,,,
tooltip.global_difficulty,Set every difficulty modifier to the same value.,Iguala todos los modificadores de dificultad.,Règle tous les modificateurs de difficulté sur la même valeur.,Setzt alle Schwierigkeitsmodifikatoren auf denselben Wert.,Imposta tutti i modificatori di difficoltà sullo stesso valore.,Define todos os modificadores de dificuldade para o mesmo valor.
tooltip.staff_salaries,Increase staff salaries and salary expectations equally.,Aumenta por igual los sueldos y las expectativas salariales.,Augmente à parts égales les salaires et les attentes salariales.,Erhöht Gehälter und Gehaltserwartungen gleichermaßen.,Aumenta allo stesso modo stipendi e aspettative salariali.,Aumenta igualmente salários e expectativas salariais.
tooltip.patient_income,Reduce patient payments and price tolerance equally.,Reduce por igual los pagos y la tolerancia al precio.,Réduit à parts égales les paiements et la tolérance aux prix.,Senkt Zahlungen und Preistoleranz der Patienten gleichermaßen.,Riduce allo stesso modo pagamenti e tolleranza ai prezzi.,Reduz igualmente os pagamentos e a tolerância aos preços.
tooltip.applicant_wait,Increase the wait between new job applicants.,Aumenta la espera entre nuevos candidatos.,Augmente le délai entre les nouveaux candidats.,Erhöht die Wartezeit zwischen neuen Bewerbern.,Aumenta l'attesa tra i nuovi candidati.,Aumenta a espera entre novos candidatos.
tooltip.electricity_bill,Increase the monthly electricity bill.,Aumenta la factura mensual de electricidad.,Augmente la facture mensuelle d'électricité.,Erhöht die monatliche Stromrechnung.,Aumenta la bolletta elettrica mensile.,Aumenta a fatura mensal de eletricidade.
tooltip.hunger_thirst,Make patient hunger and thirst rise faster.,Acelera el aumento del hambre y la sed.,Accélère l'augmentation de la faim et de la soif.,Lässt Hunger und Durst der Patienten schneller steigen.,Fa aumentare più rapidamente fame e sete dei pazienti.,Faz a fome e a sede dos pacientes aumentarem mais depressa.
tooltip.happiness,Make patient happiness fall faster.,Acelera la pérdida de felicidad.,Accélère la baisse du bonheur des patients.,Lässt das Glück der Patienten schneller sinken.,Fa diminuire più rapidamente la felicità dei pazienti.,Faz a felicidade dos pacientes diminuir mais depressa.
tooltip.hygiene,Make hygiene deteriorate faster.,Acelera el deterioro de la higiene.,Accélère la dégradation de l'hygiène.,Lässt die Hygiene schneller sinken.,Fa peggiorare più rapidamente l'igiene.,Faz a higiene deteriorar-se mais depressa.
tooltip.health_decay,Make patient health deteriorate faster.,Acelera el deterioro de la salud.,Accélère la dégradation de la santé des patients.,Lässt die Gesundheit der Patienten schneller sinken.,Fa peggiorare più rapidamente la salute dei pazienti.,Faz a saúde dos pacientes deteriorar-se mais depressa.
tooltip.diagnosis_chance,Reduce diagnosis effectiveness.,Reduce la eficacia del diagnóstico.,Réduit l'efficacité du diagnostic.,Verringert die Diagnoseeffektivität.,Riduce l'efficacia della diagnosi.,Reduz a eficácia do diagnóstico.
tooltip.treatment_chance,Reduce treatment success probability.,Reduce la probabilidad de curación.,Réduit les chances de réussite du traitement.,Verringert die Erfolgschance der Behandlung.,Riduce la probabilità di successo del trattamento.,Reduz a probabilidade de sucesso do tratamento.
tooltip.patient_arrival,Increase patient arrival frequency.,Aumenta la frecuencia de llegada de pacientes.,Augmente la fréquence d'arrivée des patients.,Erhöht die Ankunftsrate der Patienten.,Aumenta la frequenza di arrivo dei pazienti.,Aumenta a frequência de chegada dos pacientes.
tooltip.machine_wear,Make machines wear out faster.,Acelera el desgaste de las máquinas.,Accélère l'usure des machines.,Lässt Maschinen schneller verschleißen.,Fa usurare più rapidamente i macchinari.,Faz as máquinas desgastarem-se mais depressa.
tooltip.adaptive.economy,Set these bars from available cash. +1% per 10000 $ up to +100%.,Ajusta estas barras según el dinero disponible. +1% por cada 10.000 $ hasta +100%.,Règle ces barres selon les fonds disponibles. +1 % par tranche de 10 000 $ jusqu'à +100 %.,Passt diese Regler dem verfügbaren Geld an. +1 % je 10.000 $ bis +100 %.,Regola queste barre in base al denaro disponibile. +1% ogni 10.000 $ fino a +100%.,Ajusta estas barras ao dinheiro disponível. +1% por cada 10.000 $ até +100%.
tooltip.adaptive.reputation,Set these bars from reputation. +1% per point up to +100%.,Ajusta estas barras según la reputación. +1% por punto hasta +100%.,Règle ces barres selon la réputation. +1 % par point jusqu'à +100 %.,Passt diese Regler dem Ruf an. +1 % je Punkt bis +100 %.,Regola queste barre in base alla reputazione. +1% per punto fino a +100%.,Ajusta estas barras à reputação. +1% por ponto até +100%.
tooltip.adaptive.expansion,Set these bars from hospital level. +5% per level up to +100%.,Ajusta estas barras según el nivel del hospital. +5% por nivel hasta +100%.,Règle ces barres selon le niveau de l'hôpital. +5 % par niveau jusqu'à +100 %.,Passt diese Regler der Krankenhausstufe an. +5 % je Stufe bis +100 %.,Regola queste barre in base al livello dell'ospedale. +5% per livello fino a +100%.,Ajusta estas barras ao nível do hospital. +5% por nível até +100%.
energy.battery.name,Battery,Batería,,,,
energy.battery.description,Battery for the Energy Room. Stores up to 200 energy and recharges every day.,Batería para la Sala de energía. Almacena hasta 200 de energía y se recarga cada día.,,,,
energy.battery.maximum_capacity,Maximum capacity,Capacidad máxima,,,,
energy.high_voltage,High V.,Alto V.,,,,
energy.low_voltage,Low V.,Bajo V.,,,,
